customerID,Churn,Churn_Prediction,Churn_Probability
4376-KFVRS,No,No,0.06431635957713236
2754-SDJRD,No,Yes,0.6663385395819829
9917-KWRBE,No,No,0.06444131791663982
0365-GXEZS,No,No,0.34898066147978773
9385-NXKDA,No,No,0.03992283469105652
4686-UXDML,No,Yes,0.5774584670573167
2227-JRSJX,No,No,0.42260095390801167
4830-FAXFM,No,No,0.11857279578998996
1830-IPXVJ,No,No,0.004049652155451515
4690-LLKUA,Yes,No,0.33250305783759465
5804-HYIEZ,No,No,0.2700541966587922
2388-LAESQ,No,No,0.09037239979897063
5533-RJFTJ,No,No,0.16263916051756142
4706-AXVKM,Yes,Yes,0.6595371867189552
0997-YTLNY,No,No,0.1033782729853701
7971-HLVXI,No,No,0.09827166454157049
7337-CINUD,No,No,0.02070022204706501
1379-FRVEB,No,Yes,0.5927102954690306
4753-PADAS,No,No,0.193880574370798
5701-GUXDC,No,No,0.07880416542582462
7235-NXZCP,Yes,Yes,0.7742217382986815
0668-OGMHD,No,No,0.2277662569564758
2812-REYAT,No,No,0.025144488874162534
8779-YIQQA,No,No,0.032788889427407014
9701-CDXHR,No,No,0.18044179632979476
7130-CTCUS,No,No,0.17909660141623224
1894-IGFSG,Yes,Yes,0.5296668373832096
0871-URUWO,Yes,Yes,0.6693412336065604
0057-QBUQH,No,No,0.02000196404634279
9611-CTWIH,Yes,Yes,0.830237898723845
8058-DMYRU,No,No,0.4455896223354987
5351-QESIO,No,No,0.446925044118754
4302-ZYFEL,No,No,0.01135400983510794
6134-KWTBV,No,No,0.007107461480268703
2034-GDRCN,Yes,Yes,0.8327926323378335
9544-PYPSJ,No,No,0.26800041120046825
4208-UFFGW,Yes,No,0.405793909953772
9537-JALFH,No,No,0.003396466249983898
4415-IJZTP,Yes,Yes,0.8041625825982379
4701-MLJPN,Yes,No,0.17429216223784635
7515-LODFU,No,No,0.004510630941021075
4927-WWOOZ,No,Yes,0.8451015072114693
4067-HLYQI,No,No,0.32504669199762926
6184-DYUOB,No,No,0.27153128180785024
9209-NWPGU,No,No,0.044679672221234326
9851-KIELU,Yes,Yes,0.506582802174839
3199-XGZCY,No,Yes,0.665095861621653
4226-KKDON,No,No,0.32086718255546937
1085-LDWAM,No,No,0.0111665278875915
6825-UYPFK,Yes,No,0.3746878614730264
1767-CJKBA,No,No,0.006502838086214458
7181-BQYBV,Yes,Yes,0.807657958413431
0178-CIIKR,No,No,0.19733681537169184
4256-ZWTZI,No,No,0.30965447024428866
9537-VHDTA,No,No,0.24494447949732573
2754-XBHTB,Yes,Yes,0.5662187072005092
5975-BAICR,No,No,0.06347013309572919
3301-VKTGC,No,No,0.06629572521213581
2877-VDUER,No,No,0.07436127990609377
7717-BICXI,No,No,0.004520007450371489
0562-FGDCR,No,No,0.012624880676757967
3705-PSNGL,Yes,No,0.039393942346643916
0048-LUMLS,No,No,0.17980419502997766
6497-TILVL,No,No,0.1428031931178602
2108-YKQTY,Yes,No,0.2996686721090065
3658-KIBGF,Yes,No,0.41180995769768025
5482-NUPNA,Yes,No,0.2501883996429878
7410-KTVFV,Yes,No,0.2371490710413382
9033-EOXWV,Yes,No,0.17694962951237841
8821-XNHVZ,Yes,Yes,0.6990069355847263
8224-KDLKN,No,No,0.008140992013120414
4825-FUREZ,No,No,0.012913059833799338
7534-BFESC,Yes,Yes,0.5899700811912197
9138-EFSMO,No,No,0.18695815679939662
4227-OJHAL,No,No,0.03442532804037866
7279-NMVJC,No,No,0.041496621522219446
8591-TKMZH,No,No,0.04986541259162196
9283-LZQOH,Yes,No,0.48341402873621
3594-IVHJZ,No,No,0.2698037129899084
1945-XISKS,No,No,0.004480078717342809
4359-INNWN,No,No,0.03982577897842034
7649-SIJJF,No,No,0.013195491592299788
9254-RBFON,Yes,No,0.21498913100288117
0970-ETWGE,Yes,Yes,0.840089450649796
7762-ONLJY,No,No,0.052432607005343905
6710-HSJRD,No,No,0.3729600921157756
8873-GLDMH,No,Yes,0.6038214766397503
9907-SWKKF,Yes,Yes,0.5302177346010017
4658-HCOHW,Yes,No,0.4711375367176457
9330-VOFSZ,No,No,0.07743655671964991
2860-RANUS,Yes,Yes,0.588119301506007
6234-PFPXL,No,No,0.2921670881442762
7205-BAIAD,No,No,0.013316712735342049
3858-VOBET,Yes,Yes,0.5620465862838656
5103-MHMHY,Yes,No,0.3220931833472034
6119-SPUDB,No,No,0.015547449389912088
9389-ACWBI,No,Yes,0.5016970536299737
3454-JFUBC,No,No,0.006829225358597654
1768-ZAIFU,Yes,Yes,0.6960283901073232
7017-VFULY,No,No,0.2020662716888295
9221-OTIVJ,Yes,Yes,0.7401457944889585
2482-CZGBB,Yes,Yes,0.5793076756312381
7018-WBJNK,No,No,0.46423491897142344
3331-HQDTW,Yes,No,0.4259525457967857
4695-VADHF,Yes,No,0.2458608854414224
4086-WITJG,No,No,0.003061233303862803
6297-NOOPG,No,No,0.0899126827644494
8777-PVYGU,No,No,0.054063739446415064
4378-MYPGO,No,No,0.038645278748267904
9313-CDOGY,No,No,0.05430384973236516
4121-AGSIN,No,No,0.021795086091372106
0432-CAJZV,No,Yes,0.708682405821564
9097-ZUBYC,No,No,0.14236083756237
9638-JIQYA,No,Yes,0.5672386017473394
1024-GUALD,Yes,Yes,0.6702047124878265
8024-XNAFQ,No,No,0.06482557170924243
7587-RZNME,Yes,Yes,0.5396802690596255
1346-UFHAX,No,No,0.4286111692962436
6374-NTQLP,No,No,0.05941099539430845
6625-FLENO,No,No,0.005886463751144014
7375-WMVMT,No,No,0.03762305884193675
6910-HADCM,Yes,Yes,0.6625455049060534
7401-JIXNM,No,No,0.013992107974399001
7338-ERIVA,No,No,0.04600585571824238
5376-DEQCP,Yes,Yes,0.7437040026998616
0909-SELIE,No,No,0.016464375494116133
5419-KLXBN,Yes,No,0.3658660746471394
0365-TRTPY,No,No,0.1998832787186207
6712-OAWRH,Yes,Yes,0.6325673623985825
2428-ZMCTB,No,No,0.10036983730547669
1963-VAUKV,Yes,No,0.2061022221896129
9381-NDKME,Yes,No,0.37540444957920377
3729-OWRVL,No,No,0.09364320661065301
0895-LMRSF,No,No,0.1867418723781361
2676-SSLTO,No,No,0.034593870804767266
8495-PRWFH,No,No,0.1933138413462302
9030-QGZNL,No,No,0.025058153545019612
9972-NKTFD,No,No,0.08423348080114924
7998-WNZEM,No,No,0.00853677963052009
0979-PHULV,Yes,No,0.3004161668899557
6445-TNRXS,No,No,0.04048658554368295
9586-JGQKH,No,No,0.07302405403172402
3966-HRMZA,No,Yes,0.6129280867672134
5498-IBWPI,No,No,0.021893431274086342
6823-SIDFQ,No,No,0.03025447669611266
2323-ARSVR,No,No,0.04971468314979781
5468-BPMMO,No,No,0.053010508877669206
0486-HECZI,Yes,No,0.3186772557024206
2178-PMGCJ,No,No,0.4024480177045396
4660-IRIBM,No,No,0.36743838509965837
9674-EHPPG,No,No,0.01474882086487545
5606-AMZBO,No,No,0.47666481199527605
0665-XHDJU,No,No,0.19368685015341267
5402-HTOTQ,No,No,0.2652009925058756
8258-GSTJK,Yes,Yes,0.8198909188816433
3787-TRIAL,No,No,0.33835757007767553
6175-IRFIT,No,Yes,0.6410783549611438
6317-YPKDH,Yes,No,0.44533089352017113
5692-FPTAH,Yes,No,0.462701186259955
5373-SFODM,Yes,Yes,0.5026487515465773
0868-VJRDR,No,No,0.036249410889002236
4079-VTGLK,No,No,0.11638923717055445
1166-PQLGG,No,No,0.005633368945853209
5296-BFCYD,No,No,0.009930349180686813
6568-POCUI,No,No,0.08849053356440888
2839-RFSQE,Yes,No,0.2010537889492761
2188-SXWVT,No,No,0.03708425335571323
8849-GYOKR,Yes,No,0.1347285881789759
3623-FQBOX,No,No,0.10598400654794292
2649-HWLYB,No,No,0.011733795593598011
0599-XNYDO,No,No,0.41285493130999373
2514-GINMM,Yes,Yes,0.7975356049171293
8401-EMUWF,No,No,0.12721491007252955
5766-ZJYBB,Yes,No,0.21086527829708357
2604-IJPDU,No,No,0.35776172981627796
2501-XWWTZ,No,No,0.4767796363012792
6370-ZVHDV,No,No,0.007338193474790148
3027-YNWZU,No,No,0.006457771649454844
4526-ZJJTM,No,No,0.364526878748525
0440-QEXBZ,No,No,0.16850306853764702
0330-IVZHA,Yes,Yes,0.6488156618878297
9758-MFWGD,No,No,0.05306534327863367
4229-CZMLL,Yes,Yes,0.6821912543026929
0742-MOABM,Yes,No,0.29063600415390556
4277-BWBML,No,No,0.005686498124948725
5136-GFPMB,No,No,0.2697931024115504
7520-HQWJU,No,No,0.05264749753062091
6304-IJFSQ,Yes,No,0.41622219013174017
0297-RBCSG,No,No,0.10559616104376271
6013-BHCAW,No,No,0.029900343674587958
4402-FTBXC,No,No,0.1586158638755812
1471-GIQKQ,No,No,0.4110593495286408
4283-FUTGF,Yes,Yes,0.6244376952461137
9548-LERKT,No,No,0.01572747077281804
8059-UDZFY,No,Yes,0.5040701388105712
0410-IPFTY,No,No,0.38185547556990435
2478-EEWWM,No,No,0.28690229869529116
4619-EVPHY,No,No,0.42137002463175544
2277-DJJDL,No,No,0.4510136104528719
2911-WDXMV,No,No,0.4424637608624952
3639-XJHKQ,No,No,0.16046890831929406
8173-RXAYP,No,No,0.01253601303173471
4537-CIBHB,No,No,0.048115640038055074
5442-BXVND,No,No,0.060899331410109545
2308-STERM,No,No,0.20290913338712396
7159-NOKYQ,No,No,0.09921054684964631
6075-QMNRR,No,No,0.07182729874988913
3694-GLTJM,No,No,0.24071604004003458
9629-NHXFW,No,No,0.24324388724718216
7167-PCEYD,No,No,0.0064678178239309546
2748-MYRVK,Yes,No,0.14835927805426657
4223-WOZCM,No,No,0.4054720044576001
6946-LMSQS,Yes,No,0.4075270682594633
5469-NUJUR,No,No,0.02551471038352505
6388-TABGU,No,No,0.014266378235816718
1261-FWTTE,No,No,0.39040740150863884
8590-YFFQO,No,No,0.004390535926910422
0082-OQIQY,No,Yes,0.5046381789941382
9465-RWMXL,Yes,Yes,0.5143751938078382
2930-UOTMB,Yes,No,0.08447895635952707
9128-CPXKI,No,No,0.08581611428723664
0484-FFVBJ,No,No,0.15270369999174452
1100-DDVRV,No,No,0.44080522450937826
9313-QOLTZ,No,No,0.06492887838698007
3338-CVVEH,No,Yes,0.6758006319761598
1131-SUEKT,No,No,0.10723632551737157
7602-DBTOU,No,No,0.003993367971146368
1385-TQOZW,No,No,0.14055808534316455
6892-XPFPU,Yes,Yes,0.7013381910853194
4115-NZRKS,No,Yes,0.7510247231253689
5514-YQENT,No,No,0.07126717091447084
6319-IEJWJ,Yes,Yes,0.5962868383055572
8849-AYPTR,No,No,0.47080722108319023
5893-PYOLZ,No,No,0.023603884122417686
7180-PISOG,Yes,Yes,0.7784182693682562
8443-ZRDBZ,Yes,Yes,0.7931612254995892
9079-YEXQJ,Yes,No,0.313907792779769
3780-YVMFA,No,No,0.3837987576575501
6968-MHOMU,No,No,0.1220007839523405
0899-LIIBW,No,Yes,0.5557031868930471
3677-IYRBF,Yes,Yes,0.689363297802065
8393-DLHGA,Yes,Yes,0.5206200552139046
7691-XVTZH,No,No,0.07555646940301385
5360-LJCNJ,No,No,0.08496884809925306
3891-PUQOD,Yes,No,0.47066004890362156
0952-KMEEH,Yes,Yes,0.5032131312814869
4919-IKATY,Yes,Yes,0.684629036081362
9746-UGFAC,No,No,0.03588313105773962
9108-EQPNQ,No,No,0.0258119500396955
0531-ZZJWQ,No,No,0.4040684702072542
8763-KIAFH,No,No,0.03929902926459659
5863-OOKCL,No,No,0.10555802254947427
2958-NHPPS,No,No,0.0951219041687777
9530-GRMJG,No,No,0.029883505129651954
1809-DMJHQ,Yes,No,0.29836475215260516
0164-XAIRP,No,No,0.02114595160610791
2926-JEJJC,No,No,0.08115797480676692
1169-WCVAK,No,No,0.29718740102592794
1217-VASWC,No,No,0.2675168963004334
2452-KDRRH,No,No,0.3822658642660323
6402-EJMWF,No,Yes,0.5201021766762652
7663-CUXZB,No,No,0.058516669231942035
4312-KFRXN,No,No,0.01025272136637805
3011-WQKSZ,No,No,0.12386193293762741
9747-DDZOS,Yes,Yes,0.584619499383698
2091-MJTFX,Yes,No,0.18889260529574814
0388-EOPEX,Yes,Yes,0.668249358437321
3161-ONRWK,No,No,0.0168007629283706
2587-EKXTS,No,No,0.452444012347997
9752-ZNQUT,No,Yes,0.5084095389221126
9572-WUKSB,No,Yes,0.5841905547486235
3836-FZSDJ,No,No,0.006622086546637545
8805-JNRAZ,No,No,0.3302791369976649
3069-SSVSN,No,No,0.3252841081709102
8015-IHCGW,No,No,0.08996975411961985
8132-YPVBX,No,Yes,0.5503915867453315
0235-KGSLC,Yes,Yes,0.7192750986627097
1302-UHBDD,No,Yes,0.5825086190350842
3722-WPXTK,Yes,Yes,0.8413960521411312
7531-GQHME,No,No,0.0890725297190792
1335-NTIUC,No,No,0.4819568921221597
9367-TCUYN,No,No,0.09309419761356516
1536-HBSWP,No,No,0.4622430084478601
8573-JGCZW,No,No,0.061047598748313114
2694-CIUMO,No,No,0.44756551671429823
2027-FECZV,Yes,Yes,0.7196978013048551
9103-TCIHJ,Yes,No,0.23552506981114887
1545-JFUML,No,No,0.06356495468189803
0524-IAVZO,Yes,Yes,0.5959100754945831
5519-TEEUH,No,No,0.032963875764777516
6654-QGBZZ,No,No,0.206768319352289
2294-DMMUS,No,No,0.15399030049546142
0017-IUDMW,No,No,0.06172413298484755
5018-LXQQG,No,No,0.07259878310568708
5808-TOTXO,No,No,0.11961105883171282
1174-FGIFN,No,No,0.3116523914798276
0730-KOAVE,No,No,0.3659350963975976
1218-VKFPE,Yes,No,0.07990574975380883
5313-FPXWG,No,No,0.03333810907380154
2834-JKOOW,No,No,0.06930113816925486
9430-NKQLY,No,No,0.011421960902196254
0363-QJVFX,Yes,No,0.3509653673403298
1658-TJVOA,No,Yes,0.5460133626917407
6685-GBWJZ,No,No,0.016816352655712866
6328-ZPBGN,Yes,Yes,0.7273858251979473
4003-FUSHP,No,No,0.2041499295371592
7690-KPNCU,No,No,0.04261057764594763
2969-WGHQO,No,No,0.11670161281868174
1855-CFULU,No,No,0.2178437988708785
9788-YTFGE,No,No,0.16064263709702908
8266-VBFQL,No,Yes,0.7243546740085256
2325-NBPZG,No,Yes,0.6554522706280441
9906-NHHVC,No,No,0.04656367662098254
2541-YGPKE,No,No,0.02787079327717913
5049-MUBWG,No,No,0.06694986607768678
2332-TODQS,No,No,0.023401519817763772
4419-UJMUS,No,No,0.08685519085797765
2233-TXSIU,No,No,0.10888510908348434
6770-XUAGN,Yes,No,0.3054281483823032
2919-HBCJO,Yes,Yes,0.6146778638291546
9508-ILZDG,No,No,0.4771528658892323
5442-BHQNG,No,Yes,0.6590100900752461
7250-EQKIY,Yes,No,0.32933177224101884
6838-HVLXG,No,No,0.09306712461083431
9767-FFLEM,No,No,0.29251458719624085
2245-ADZFJ,No,No,0.03650161734538363
1150-WFARN,Yes,No,0.04427453965343456
9054-FOWNV,No,Yes,0.5975904968900657
7997-EASSD,No,No,0.10051133750080232
7560-QJAVJ,No,No,0.009486681562884647
2668-TZSPS,No,No,0.20944793961329045
9139-WQQDY,Yes,No,0.17575070762074005
6726-NNFWD,No,No,0.0349225258079574
9330-DHBFL,No,No,0.043718817713735605
5727-MYATE,No,No,0.024163948575864225
2824-DXNKN,No,No,0.027727744019863217
6166-ILMNY,Yes,Yes,0.5764050302148973
5236-XMZJY,No,No,0.05733598213535712
1709-EJDOX,No,No,0.006485080603902474
4962-CHQPW,No,No,0.02542011842097354
0301-FIDRB,No,No,0.026629179260606782
1820-TQVEV,Yes,Yes,0.7492434694353585
9115-YQHGA,No,No,0.14068819875629965
1541-ETJZO,Yes,No,0.37267333355480226
6230-BSUXY,Yes,Yes,0.8190640503039821
6797-LNAQX,Yes,No,0.05030919705792613
9588-YRFHY,No,No,0.010136802021772851
1092-GANHU,Yes,Yes,0.5132885140177988
5951-AOFIH,No,No,0.17599502072601694
7029-RPUAV,Yes,Yes,0.6831363460982156
4700-UBQMV,No,No,0.16306379650297917
3594-UVONA,Yes,No,0.10060400400308284
7750-EYXWZ,No,No,0.22569893478750575
7054-ENNGU,No,No,0.19505854879448067
0402-OAMEN,No,No,0.007997498710519406
2195-VVRJF,No,No,0.23777243133169337
8819-ZBYNA,No,No,0.057603196336783374
7748-UMTRK,No,Yes,0.5634573504838443
1741-WTPON,No,No,0.03772644009924821
7209-JCUDS,Yes,Yes,0.7107328655247165
2485-ITVKB,Yes,Yes,0.724479854809878
9648-BCHKM,No,No,0.028301496216965993
0743-HRVFF,No,No,0.12724805335114567
2522-AHJXR,No,No,0.25713539783478995
9143-CANJF,No,No,0.08920917511366
1444-VVSGW,Yes,No,0.07137750546640162
6898-MDLZW,No,No,0.18041543675766428
0074-HDKDG,No,No,0.056235104990286236
3982-JGSFD,No,No,0.0344155114196458
7928-VJYAB,No,Yes,0.5756653880836864
1522-VVDMG,Yes,Yes,0.5031784840424091
2665-NPTGL,No,Yes,0.6430481829961274
8728-SKJLR,No,No,0.2933451829996789
7733-UDMTP,No,No,0.2910040801607952
0431-APWVY,Yes,No,0.2951576139099201
5081-NWSUP,No,No,0.10031931311328234
2746-DIJLO,No,No,0.08142775178736744
7277-OZCGZ,No,No,0.3807457897376859
5236-PERKL,Yes,No,0.07937255166143851
2788-CJQAQ,No,No,0.04888516413045336
3096-WPXBT,No,No,0.10016711087075222
9962-BFPDU,No,No,0.1790917484946856
2892-GESUL,No,No,0.014905169437828752
9741-YLNTD,No,Yes,0.5943369177613723
1205-WNWPJ,Yes,No,0.28967581086458083
3173-NVMPX,No,No,0.2893098071262031
9661-MHUMO,Yes,No,0.3666068092952846
6000-APYLU,Yes,Yes,0.6524326721193668
0048-PIHNL,No,No,0.017217817055149874
9420-LOJKX,Yes,No,0.4376266165100037
7061-OVMIM,No,No,0.024383690778620296
5671-RQRLP,No,No,0.05930725753864653
5129-JLPIS,No,No,0.4379441924091615
5170-PTRKA,No,No,0.036791186433854345
4819-HJPIW,No,No,0.24790824221600619
8780-RSYYU,No,No,0.0884198679459308
2335-GSODA,No,No,0.02344465247883463
5696-CEIQJ,No,No,0.028820431700106522
6169-PPETC,No,No,0.00904904854269498
4237-RLAQD,Yes,No,0.4669483618508367
7359-WWYJV,No,No,0.05414987087533821
8620-RJPZN,No,No,0.26412935999171117
7426-WEIJX,No,No,0.2503017638262585
7629-WIXZF,No,No,0.2149858257820183
2616-FLVQC,No,No,0.004828960072167894
9163-GHAYE,No,No,0.20690082524027212
4464-JCOLN,Yes,No,0.09799658919696919
2971-SGAFL,No,No,0.4480151691775235
4735-ASGMA,Yes,Yes,0.6853882635930587
5245-VDBUR,No,No,0.042508568651217354
1493-AMTIE,Yes,No,0.2741566607542033
1112-CUNAO,Yes,Yes,0.5879394869329687
7571-YXDAD,Yes,Yes,0.6462228020023925
8714-EUHJO,Yes,Yes,0.5009693051896271
9040-KZVWO,No,No,0.14770472770760867
6713-OKOMC,No,No,0.2308411172505415
8749-CLJXC,No,No,0.20998705093706244
4713-LZDRV,Yes,Yes,0.8163814960911518
6598-RFFVI,Yes,No,0.10803689116467495
7470-MCQTK,Yes,No,0.4962263779246585
5524-KHNJP,No,No,0.06288170199981165
1707-HABPF,No,No,0.1894436386853805
4581-LNWUM,No,No,0.48129976697321647
9710-ZUSHQ,Yes,No,0.4375110939167099
1697-LYYYX,No,No,0.009645412784358522
4013-GUXND,No,No,0.20897705235292122
5022-JNQEQ,No,No,0.4520778986961363
4983-CCWMC,No,Yes,0.6715834606854867
6345-FZOQH,No,No,0.004305282224014479
0962-CQPWQ,No,No,0.004077707496964195
5495-GPSRW,No,No,0.024889015757168113
2252-JHJGE,No,No,0.1802892473154531
7356-AYNJP,No,No,0.19027314193519726
2019-HDCZY,No,No,0.11158675693231677
8582-KRHPJ,No,No,0.10393460699080967
2867-UIMSS,Yes,Yes,0.7296688606902265
3487-EARAT,No,No,0.011655055607529226
9926-PJHDQ,No,No,0.05379789576426938
0289-IVARM,No,No,0.09349199733503993
4672-FOTSD,No,No,0.22318765879642544
6198-PNNSZ,No,No,0.1314089371170542
7603-USHJS,Yes,No,0.4841174680268736
6784-XYJAE,No,No,0.10711763359928742
3858-XHYJO,No,No,0.20371726109870852
1087-UDSIH,Yes,No,0.26545490863768445
7251-LJBQN,No,No,0.30164144387757286
3200-MNQTF,No,No,0.006729310965118895
9359-UGBTK,No,No,0.025832080883852766
8160-HOWOX,No,Yes,0.508243068713762
0258-NOKBL,No,Yes,0.6864139067767419
2800-QQUSO,No,Yes,0.5119657365159063
2129-ALKBS,No,No,0.09879672668790102
9972-VAFJJ,No,No,0.17528987742701913
4693-VWVBO,No,No,0.25480128635933885
6969-MVBAI,No,Yes,0.7497878758551463
4821-WQOYN,No,No,0.007799030375446374
6769-DYBQN,Yes,No,0.2741342728076255
4018-PPNDW,No,No,0.009069581122980655
6288-CHQJB,No,No,0.008843779537081773
4905-JEFDW,Yes,No,0.3664457617553205
0559-CKHUS,No,No,0.019420613713868596
2659-VXMWZ,Yes,No,0.16756393575777698
6559-RAKOZ,No,No,0.27462308934084556
8809-XKHMD,No,No,0.05856229482761418
6365-HITVU,No,No,0.0064611615849887675
0134-XWXCE,No,No,0.06992318884104826
9720-JJJOR,No,No,0.03766923237370384
2782-LFZVW,No,No,0.42080531478987165
6112-KTHFQ,No,No,0.12846678532766734
9220-ZNKJI,No,No,0.042644305513718096
9820-RMCQV,Yes,No,0.14407110840780438
9013-AQORL,No,No,0.10929652376435996
2040-OBMLJ,No,No,0.1465613455322032
5574-NXZIU,No,No,0.02552578917125492
5446-DKWYW,No,No,0.10727000429143813
0480-KYJVA,No,No,0.007712949664196916
1074-AMIOH,No,No,0.22054337818014835
0015-UOCOJ,No,No,0.3245214870283224
0256-LTHVJ,Yes,No,0.46792663273685026
4547-LYTDD,Yes,Yes,0.5117073047186849
1077-HUUJM,No,Yes,0.5393656063100003
2041-JIJCI,No,Yes,0.6350422671593997
1555-HAPSU,No,No,0.0043146568834805275
4323-SADQS,Yes,No,0.2906158199670126
3292-PBZEJ,No,Yes,0.7037319348685269
6203-HBZPA,No,No,0.019619571416518367
9755-JHNMN,No,No,0.007465509586219395
7369-TRPFD,No,No,0.04136267506565573
9878-TNQGW,Yes,Yes,0.7935638294080067
2279-AXJJK,No,No,0.2673829939936828
5016-IBERQ,No,No,0.4398029098611495
1016-DJTSV,No,Yes,0.6287647958302643
8433-WPJTV,No,No,0.1705992172983113
8903-XEBGX,No,Yes,0.5626077244581903
2632-TACXW,No,No,0.007161865159320581
7952-OBOYL,No,Yes,0.6582796834497753
1470-PSXNM,No,No,0.24681498499517515
6227-HWPWX,Yes,No,0.2999627610956389
5924-SNGKP,No,No,0.02405314633477597
8818-DOPVL,No,Yes,0.5684906899660039
4521-WFJAI,No,No,0.012170700249783386
4724-WXVWF,No,No,0.31511247007174437
3717-OEAUQ,No,Yes,0.5865624781409875
8165-ZJRNM,No,No,0.008029537414942115
7838-LAZFO,No,No,0.05225529508706519
0513-RBGPE,No,No,0.020445125194052283
7251-XFOIL,No,No,0.24645421898017908
2525-GVKQU,No,No,0.005243725551035966
7579-OOPEC,Yes,No,0.3540743989394274
3795-GWTRD,No,No,0.005705238628255452
4750-ZRXIU,Yes,Yes,0.8555904895913652
5445-PZWGX,Yes,No,0.08921389719951606
0516-UXRMT,No,No,0.12303301066460108
0727-BNRLG,No,No,0.04673134594153739
3932-CMDTD,Yes,Yes,0.5927240215533452
1264-FUHCX,No,No,0.09802215680084722
6194-HBGQN,No,No,0.045579714906888634
4524-QCSSM,No,No,0.23045787032446455
4570-QHXHL,No,No,0.36168276833946716
2972-YDYUW,No,No,0.1352742756345358
2061-VVFST,No,No,0.047871050811727274
6874-SGLHU,No,No,0.2925734932283888
9844-FELAJ,No,No,0.18458204732611244
1902-XBTFB,Yes,No,0.46738624889625124
9039-RBEEE,Yes,No,0.12588239342634538
9369-XFEHK,Yes,No,0.4125860082730268
3680-CTHUH,No,No,0.12201186509072158
3679-XASPY,No,No,0.23303953048739431
9089-UOWJG,No,No,0.2667822735900115
1574-DYCWE,No,No,0.005769582868604288
9779-DPNEJ,No,Yes,0.5087051231708326
2967-MXRAV,No,No,0.10138521085385489
0327-WFZSY,No,No,0.30987990550014366
1731-TVIUK,Yes,Yes,0.7583503965489935
7666-WKRON,Yes,No,0.08213396987249691
3865-ZYKAD,No,No,0.16035996615662088
1465-LNTLJ,No,No,0.31573555635832706
2696-RZVZW,No,No,0.005860300827985923
0685-MLYYM,Yes,Yes,0.6921720068007353
2778-OCLGR,Yes,No,0.23315828495742874
3982-XWFZQ,Yes,No,0.23585506426239183
4759-PXTAN,No,No,0.10315858085748864
1448-PWKYE,Yes,Yes,0.6942856493296549
8741-LQOBK,No,No,0.06581728979051037
8650-RHRKE,Yes,Yes,0.6484488326562129
7266-GSSJX,No,No,0.16485094267253073
1265-HVPZB,No,No,0.026343642709890345
9640-ZSLDC,No,No,0.039948329398311846
0988-JRWWP,No,Yes,0.6004431257920615
1926-QUZNN,No,No,0.014352245362764018
9025-ZRPVR,Yes,No,0.15402660835228957
6527-PZFPV,No,No,0.040466708667232995
7460-ITWWP,No,No,0.45293836809900356
1530-ZTDOZ,No,No,0.11097415202645927
4785-FCIFB,No,No,0.007554141226113615
9717-QEBGU,No,Yes,0.7431775174313842
0876-WDUUZ,Yes,Yes,0.627922155057984
7881-EVUAD,Yes,Yes,0.6030573077880096
4002-BQWPQ,No,No,0.1171436931442102
6377-WHAOX,No,No,0.4515321561627316
5027-YOCXN,No,No,0.08917337752138922
8450-JOVAH,Yes,No,0.3172303250748736
6646-QVXLR,Yes,No,0.32028237645143753
0254-KCJGT,No,No,0.046652636947644904
3442-ZHHCC,No,No,0.04054404247432061
9167-APMXZ,No,Yes,0.5476347088422596
0616-ATFGB,Yes,Yes,0.62230739084301
7273-TEFQD,Yes,Yes,0.7450571428691094
8245-UMPYT,Yes,Yes,0.7572029006817654
6022-UGGSO,Yes,No,0.41385110884571047
6292-TOSSS,No,No,0.009917301220899202
5207-PLSTK,No,No,0.3381259310867011
3908-BLSYF,Yes,Yes,0.578800902141329
4317-VTEOA,Yes,Yes,0.509221478914064
0625-AFOHS,No,No,0.010822514141994146
4667-OHGKG,Yes,No,0.28157679895415555
2386-OWURY,No,No,0.3313544800933614
3780-DDGSE,No,No,0.2245714415174386
1047-RNXZV,No,No,0.00886969161649824
3926-YZVVX,No,No,0.03611976149562418
4742-TXUEX,No,No,0.0062989613788892625
8709-KRDVL,No,Yes,0.6043791352350762
0397-ZXWQF,No,No,0.00429820317102701
3910-MRQOY,No,No,0.006948092118810874
2511-MORQY,No,No,0.04702955081101602
4039-PIMHX,No,No,0.018522737041678894
8083-YTZES,Yes,Yes,0.7949385374075535
1346-PJWTK,No,No,0.12422697062909219
3750-YHRYO,No,No,0.05174067419185389
1236-WFCDV,Yes,Yes,0.5223533964418499
5949-HGVJL,No,No,0.2778989228989748
9112-WSNPU,No,No,0.3398807308090673
1360-JYXKQ,No,No,0.2494946189328389
3585-ISXZP,Yes,Yes,0.6269482665984552
8380-PEFPE,Yes,Yes,0.7046482260644387
9402-ROUMJ,No,No,0.07826155379177815
4335-UPJSI,No,No,0.012181959126835779
6096-EGVTU,No,No,0.01348379260164028
8988-ECPJR,Yes,No,0.3658603039225866
7677-SJJJK,No,No,0.047233539864491324
5850-BDWCY,No,No,0.1161186658340482
2025-JKFWI,Yes,Yes,0.608130026090344
8028-PNXHQ,No,No,0.008652197992335612
8397-MVTAZ,Yes,Yes,0.6479058178799689
4445-ZJNMU,No,Yes,0.6704902666000971
3125-RAHBV,No,No,0.035324343585489255
6682-QJDGB,Yes,No,0.07311326719791078
8840-DQLGN,Yes,No,0.31153831633833307
6258-NGCNG,No,No,0.156513609250678
5917-RYRMG,No,No,0.030954098091312495
7157-SMCFK,No,No,0.004260494298570093
0816-TSPHQ,No,No,0.2043225993758079
6766-HFKLA,No,No,0.07118961311481149
7067-KSAZT,Yes,No,0.2994168788821076
5155-AZQPB,No,No,0.15281981431020517
6890-PFRQX,No,No,0.2092308896796653
3508-VLHCZ,No,No,0.013302294025387046
3649-JPUGY,No,No,0.041748523165643335
9248-OJYKK,Yes,Yes,0.8279525262758822
7239-HZZCX,Yes,No,0.2103920525667158
9860-LISIZ,No,No,0.051377742307800865
6979-ZNSFF,Yes,Yes,0.7225852475857073
8938-UMKPI,Yes,Yes,0.522698672887851
1820-DJFPH,No,No,0.01171538864369357
0732-OCQOC,No,No,0.011250947662471495
6776-TLWOI,Yes,No,0.20083270287588903
4940-KHCWD,No,No,0.008924500738155728
9057-SIHCH,Yes,Yes,0.8710884963805966
9866-QEVEE,Yes,Yes,0.5702724698043531
5542-TBBWB,No,Yes,0.7487083474496646
4587-VVTOX,Yes,Yes,0.764536991594685
6322-HRPFA,No,No,0.028913838952492076
6284-AHOOQ,Yes,Yes,0.506760375335569
4530-NDRKU,No,No,0.035584387643903294
1751-NCDLI,No,Yes,0.6162608910057726
3893-JRNFS,No,No,0.13652353582661994
5857-XRECV,No,No,0.09058894711065932
3115-CZMZD,No,No,0.04420672901253251
4489-SNOJF,Yes,No,0.12465451543074287
1051-GEJLJ,No,No,0.2024681095937129
3563-SVYLG,No,No,0.0038295198918756094
4301-VVZKA,No,Yes,0.6125912527633391
9351-HXDMR,No,No,0.08791294136253851
5161-XEUVX,No,No,0.0852883527296405
3088-FVYWK,No,No,0.0073153876584459
9812-GHVRI,No,No,0.34950362747529123
1370-GGAWX,No,No,0.2958116423112886
6023-YEBUP,Yes,Yes,0.8739402364195666
9940-RHLFB,Yes,Yes,0.6644519173705614
4541-RMRLG,Yes,No,0.15373878867461813
2606-RMDHZ,Yes,No,0.36772543376745465
5575-TPIZQ,No,No,0.3109907291136237
9378-FXTIZ,Yes,No,0.12176844123368649
4631-OACRM,Yes,Yes,0.6380781174648182
8593-WHYHV,Yes,Yes,0.8409142965872712
1403-GYAFU,No,No,0.003156184644541441
7641-TQFHN,No,No,0.08571439734956163
4237-CLSMM,No,No,0.21040103772671434
4360-PNRQB,No,Yes,0.5051926571478161
5334-AFQJB,No,No,0.01582503402758371
9308-ANMVE,No,No,0.08352317591412795
3530-VWVGU,No,No,0.060492334261889595
4674-HGNUA,No,No,0.00946929138662589
3030-YDNRM,No,Yes,0.6703686555582725
3642-BYHDO,No,No,0.0031388396752104176
0440-UEDAI,No,No,0.10777669042090463
9819-FBNSV,No,No,0.34276736800408253
9289-LBQVU,No,No,0.05181402652244069
4468-YDOVK,No,No,0.31123278197261667
2001-EWBQU,No,No,0.10261389874299426
9992-UJOEL,No,No,0.42224318756382423
8409-WQJUX,No,No,0.19534303583978652
3077-RSNTJ,No,No,0.09948398679540878
6993-YCOBK,No,No,0.07659922066866155
4817-VYYWS,Yes,Yes,0.6208855209096232
4702-HDRKD,No,No,0.03935372102348883
3251-YMVWZ,No,No,0.021814167241353644
4190-MFLUW,Yes,No,0.1305823280255931
4678-DVQEO,Yes,No,0.45759714290598147
4701-AHWMW,Yes,No,0.18763105414757117
2987-BJXIK,No,No,0.016557319462358926
1730-VFMWO,No,No,0.08587368921309907
1936-UAFEH,No,No,0.030220150651172308
5140-FOMCQ,No,No,0.16682597284816664
8778-LMWTJ,No,No,0.4872293927070593
9840-DVNDC,Yes,Yes,0.5738237326305056
8033-VCZGH,No,No,0.30288388655393617
8580-QVLOC,Yes,No,0.01873033256585914
6128-AQBMT,No,No,0.40181060274880764
6257-RJOHI,No,No,0.3667754656166868
1929-ZCBHE,No,No,0.04048478457388334
6242-SGYTS,No,No,0.09785062526625934
7010-ZMVBF,No,No,0.06727807074333977
3519-ZKXGG,Yes,Yes,0.7994355462858779
5666-MBJPT,No,No,0.009520778415629491
3313-QKNKB,Yes,No,0.19757727109485507
7581-EBBOU,No,No,0.03633662677426181
1784-BXEFA,No,No,0.14588678098052316
7492-TAFJD,No,No,0.04790368815162737
5213-TWWJU,No,No,0.348591481110936
3312-ZWLGF,No,No,0.49163090319673886
2923-ARZLG,No,No,0.14455228970528097
7032-LMBHI,No,No,0.0706993353412365
8292-ITGYJ,No,No,0.013799006844560277
9107-UKCKY,No,No,0.13504814371541343
6848-HJTXY,No,No,0.0045371237625537785
4184-VODJZ,No,No,0.18637201087196278
4846-WHAFZ,Yes,Yes,0.5112873578792088
8735-SDUFN,No,No,0.011502361206117735
0839-JTCUD,No,No,0.01047060929972001
6857-VWJDT,Yes,Yes,0.7788228230064626
7363-QTBIW,No,Yes,0.6574619184574211
6158-HDPXZ,No,No,0.49637956572532826
5419-CONWX,Yes,Yes,0.7613916664941995
9286-DOJGF,Yes,No,0.4186649085197366
2408-PSJVE,No,No,0.07220699870082757
2087-QAREY,No,No,0.18969989592698847
6777-TGHTM,Yes,No,0.20303634337889787
6507-ZJSUR,No,Yes,0.6634613068541673
5025-GOOKI,No,No,0.10060967074127589
6080-LNESI,No,No,0.009946793690998944
2236-HILPA,No,No,0.0039615522367425285
1386-ZIKUV,No,No,0.16161890245935953
3365-SAIGS,No,Yes,0.5445031915332703
6061-GWWAV,No,No,0.03468243198335785
9979-RGMZT,No,No,0.44510867300010376
8445-DNBAE,No,Yes,0.5819543746516447
6872-HXFNF,No,No,0.02936265117591568
1320-HTRDR,Yes,Yes,0.7945197875940571
3923-CSIHK,Yes,No,0.3434392635627461
2446-ZKVAF,No,No,0.1903675457005157
4640-UHDOS,Yes,No,0.26277991000745615
5457-COLHT,No,No,0.00709570233000066
2254-DLXRI,No,Yes,0.7172833898747388
5339-PXDVH,No,Yes,0.7033850687479819
2386-LAHRK,Yes,Yes,0.5405818034912021
5062-CJJKH,No,No,0.05822262481784869
8930-XOTDP,No,No,0.1822546053500116
4779-ZGICK,No,No,0.009188731378039617
9534-NSXEM,No,No,0.04560518022231493
3716-BDVDB,Yes,Yes,0.7499303685210864
9842-EFSYY,No,Yes,0.5270470848310013
9122-UMROB,No,No,0.20964998705110754
1867-BDVFH,Yes,Yes,0.6134151095986535
5949-EBSQK,Yes,No,0.2904461252314897
4160-AMJTL,Yes,No,0.16756861784206944
8622-ZLFKO,No,Yes,0.7108128967021563
2990-IAJSV,No,No,0.020676302690982026
6064-ZATLR,No,No,0.01874964393451933
7409-KIUTL,Yes,Yes,0.7326047133700653
5505-OVWQW,No,No,0.042680001649175105
3948-KXDUF,No,No,0.007043223169163593
9814-AOUDH,No,No,0.00618565197931111
7398-LXGYX,No,No,0.2645124095090282
5266-PFRQK,No,No,0.01841811167475243
1568-BEKZM,No,No,0.013835707881303
2692-PFYTJ,No,No,0.3473027382919508
2533-QVMSK,Yes,No,0.08188604710916186
5828-AVIPD,Yes,No,0.43406579578509014
2907-ILJBN,No,No,0.04545713638871119
5226-NOZFC,No,No,0.4891496181335665
7114-AEOZE,No,No,0.005132664724940142
2202-CUYXZ,Yes,Yes,0.7967030930470742
3466-RITXD,No,No,0.39060485424649777
7278-CKDNC,No,Yes,0.557732446539142
1956-YIFGE,No,No,0.3039288383193246
0422-UXFAP,No,No,0.37285524085826927
3733-UOCWF,No,No,0.11396589366829502
7191-ADRGF,No,No,0.05014588653854581
5709-LVOEQ,No,No,0.09707506410603649
6034-YMTOB,No,Yes,0.5754454421984329
6372-RFVNS,Yes,Yes,0.7320144043480086
9052-DHNKM,No,No,0.08623006666287532
5609-IMCGG,No,No,0.41836950253211824
2959-MJHIC,Yes,Yes,0.788813309093233
1319-YLZJG,No,No,0.4239941083666024
7623-TRNQN,Yes,No,0.3396257304880482
0377-JBKKT,No,No,0.08871540010618309
1936-CZAKF,No,No,0.041739626486386655
5063-IUOKK,No,No,0.020864889935267892
8646-JCOMS,No,No,0.08878886419971534
0979-MOZQI,No,No,0.027607275113059816
1525-LNLOJ,No,No,0.026388061947664097
5759-RCVCB,Yes,Yes,0.5284195309612412
9968-FFVVH,No,No,0.017985061419828523
2266-FUBDZ,No,No,0.016599794526957548
4760-THGOT,No,No,0.38949668004016635
2307-FYNNL,No,No,0.09387944156159174
1143-NMNQJ,Yes,Yes,0.8410092260569484
1629-DQQVB,No,No,0.12976218206248608
3766-EJLFL,No,No,0.04555931723948665
8457-XIGKN,No,No,0.10201956128153115
4981-FLTMF,No,No,0.03358614091306233
7606-BPHHN,No,No,0.00958585279089484
7005-CCBKV,Yes,Yes,0.6374852630247819
4648-YPBTM,No,No,0.02830141488070955
2325-ZUSFD,Yes,No,0.050313702384813974
1240-KNSEZ,Yes,No,0.2802626317939864
0430-IHCDJ,No,No,0.39053780065100124
7957-RYHQD,Yes,No,0.21226742915886107
6164-HAQTX,No,No,0.009030017930491354
0749-IRGQE,No,Yes,0.5240879091366178
1227-UDMZR,No,No,0.030533961770557345
5473-KHBPS,No,No,0.16574102717706618
5297-MDOIR,No,No,0.07148088848286166
8873-TMKGR,No,No,0.03128997231274736
6481-ESCNL,No,No,0.4829806816544039
0463-WZZKO,No,No,0.25384945342469545
1038-RQOST,No,No,0.06681978798766351
4937-QPZPO,No,No,0.28021319210905493
3604-WLABM,No,No,0.21254934912128354
1360-XFJMR,No,No,0.14656800458636954
8717-VCTXJ,No,No,0.031426124668907665
5196-SGOAK,Yes,Yes,0.7122970891904924
8739-XNIKG,No,Yes,0.8308195060680713
2320-TZRRH,No,No,0.03944262917789481
5186-SAMNZ,Yes,Yes,0.7094497008573333
5760-FXFVO,No,No,0.47428262014882383
5380-WJKOV,Yes,Yes,0.6019839328699721
4703-MQYKT,No,No,0.01660437948011729
2001-MCUUW,No,No,0.10607606982718693
4947-DSMXK,No,No,0.47637508269463735
0076-LVEPS,No,No,0.10954799264952551
5566-SOEZD,No,No,0.12025957087715641
7408-OFWXJ,No,No,0.016515658172342795
1097-FSPVW,No,No,0.06369434362480675
4412-YLTKF,Yes,Yes,0.5742473196042062
0420-TXVSG,No,No,0.013852241141455461
7817-BOQPW,Yes,Yes,0.7988331575627119
0963-ZBDRN,Yes,No,0.48615388271800536
9685-WKZGT,Yes,Yes,0.6538637480581081
2139-FQHLM,No,No,0.32344055770015007
5825-XJOCM,No,No,0.0428019097532149
0004-TLHLJ,Yes,Yes,0.7347701678120946
7529-ZDFXI,No,No,0.43132538849108604
6848-YLDFR,No,No,0.04396476938415031
5820-PTRYM,No,No,0.03599382904727058
2984-RGEYA,No,No,0.0033346224424487016
6434-TTGJP,No,No,0.039760359755369255
9643-AVVWI,No,Yes,0.5871251980746833
3506-OVLKD,No,No,0.03563627797203529
4946-EDSEW,Yes,No,0.12304550892710385
2924-KHUVI,No,No,0.26722370208500384
2263-SFSQZ,No,No,0.012159908373437141
5281-BUZGT,Yes,No,0.4959691654760675
3717-FDJFU,No,No,0.038424362733992565
2239-CFOUJ,No,No,0.10020593058317709
8699-ASUFO,Yes,Yes,0.6455911390823926
1122-YJBCS,No,No,0.021270349209056804
0628-CNQRM,Yes,No,0.06919283138728183
1705-GUHPV,No,No,0.006988450768808806
4877-TSOFF,No,No,0.035876351696564314
7404-JLKQG,No,Yes,0.5092955515666322
0379-DJQHR,No,No,0.009880592516549744
8993-PHFWD,Yes,Yes,0.5581492186648129
3930-ZGWVE,No,No,0.2103920525667158
1965-DDBWU,Yes,Yes,0.5023755904728435
7572-KPVKK,No,No,0.100815352583024
6854-EXGSF,No,No,0.24946760864237316
9483-GCPWE,No,No,0.047740831747545356
8053-WWDRO,Yes,No,0.11699984580753105
9473-CBZOP,No,No,0.06995866138270848
3985-HOYPM,No,No,0.03406108640676657
8378-LKJAF,No,No,0.47526680502704266
1310-QRITU,No,No,0.3641303869461962
3237-AJGEH,Yes,No,0.44424280791404613
6542-LWGXJ,No,No,0.4905827051669765
6953-PBDIN,No,No,0.013002496106800996
6332-FBZRI,No,No,0.01924279052026017
9365-CSLBQ,No,No,0.004568665616854147
3466-WAESX,No,No,0.28593710136131656
9700-ISPUP,No,No,0.2728289216118602
5167-ZFFMM,Yes,Yes,0.760269606131483
7669-LCRSD,No,No,0.27966689270321105
0870-VEMYL,Yes,No,0.19593404789315133
2995-UPRYS,Yes,No,0.2120214421504222
3179-GBRWV,No,No,0.20435162866474182
0701-TJSEF,No,No,0.2113498884919044
1848-LBZHY,No,No,0.22651548588797965
5380-XPJNZ,No,No,0.023570302867431125
6608-QQLVK,Yes,Yes,0.5484850832461892
1475-VWVDO,No,Yes,0.5973283828817905
3721-CNEYS,Yes,Yes,0.7381063096255709
4299-OPXEJ,No,No,0.008455483777672874
0096-BXERS,No,No,0.3754181159387968
3055-VTCGS,No,No,0.03642446979373483
9405-GPBBG,No,No,0.0689750967482261
6704-UTUKK,No,No,0.47611436082665526
9944-AEXBM,No,No,0.4896543810783996
2545-EBUPK,No,Yes,0.862236189547538
6270-OMFIW,Yes,No,0.22604299210137635
1852-XEMDW,No,No,0.13293866407922447
8158-WPEZG,No,No,0.350775665837031
5198-EFNBM,No,No,0.21238865671404858
7663-RGWBC,Yes,No,0.4703909117992995
3970-XGJDU,No,No,0.006810972827067889
6845-RGTYS,Yes,No,0.364070638073155
0123-CRBRT,No,No,0.012922659906267361
6077-BDPXA,No,Yes,0.7341483906059179
2250-IVBWA,No,No,0.09666461374144457
6137-NICCO,No,Yes,0.5900804142562986
8129-GMVGI,No,No,0.004979844382799733
4353-HYOJD,No,No,0.10133066827337636
8671-KKKOS,No,No,0.1427980195005583
8080-DDEMJ,Yes,No,0.49291268444658337
6698-OXETB,No,No,0.023587103461540068
3312-UUMZW,No,Yes,0.5266607847721868
6376-GAHQE,Yes,Yes,0.7159267785520304
0733-VUNUW,Yes,No,0.19332412712380107
6733-LRIZX,No,No,0.15553154447675083
2165-VOEGB,Yes,No,0.10076405946946627
1853-UDXBW,Yes,Yes,0.7138476453638619
9070-BCKQP,No,No,0.08513908653909505
1035-IPQPU,No,No,0.47364788341591996
2057-ZBLPD,Yes,Yes,0.6458579504788169
6967-PEJLL,No,No,0.07610762621091388
7879-CGSFV,No,No,0.13786177054450918
2257-BOVXD,No,No,0.299936046573295
9822-BIIGN,No,No,0.08153425748628691
1136-XGEQU,No,No,0.07427180520154358
2439-LYPMQ,No,Yes,0.6306770833067887
6543-XRMYR,Yes,Yes,0.6570687434554224
5753-QQWPW,No,No,0.062255619921880084
4785-QRJHC,Yes,No,0.12998627081688746
0052-YNYOT,No,No,0.014236805624145655
7054-LGEQW,Yes,No,0.36907283860270984
0608-JDVEC,No,No,0.010315070899323306
6284-KMNUF,No,No,0.2645334828005391
6286-SUUWT,No,No,0.21012198784751107
3594-KADLU,No,No,0.3209011756269257
0536-ACXIP,No,No,0.14424403829894145
8869-TORSS,Yes,No,0.029577894777009138
0373-AIVNJ,No,No,0.11940019347496286
6429-SHBCB,No,No,0.33644053624019366
5751-USDBL,No,No,0.015332450382031427
6815-ABQFQ,No,No,0.24897359705982558
9450-TRJUU,No,No,0.46521476418198304
2805-AUFQN,No,No,0.013499198089471098
7855-DIWPO,No,No,0.4873256362393394
0174-QRVVY,No,No,0.0043985994448074205
9507-EXLTT,Yes,Yes,0.7362516187546091
8390-FESFV,No,No,0.020443673708400136
0661-KBKPA,No,No,0.08536637246805028
6856-RAURS,No,Yes,0.7419653954362627
7322-OCWHC,No,No,0.05083253051677386
2203-GHNWN,No,No,0.47893939045138084
3413-CSSTH,No,No,0.18001059500606206
3006-XIMLN,Yes,Yes,0.8007153578438926
3750-CKVKH,Yes,Yes,0.7468481879889394
0576-WNXXC,Yes,Yes,0.6181195501327159
7056-IMHCC,Yes,Yes,0.5345180711089788
0866-QLSIR,Yes,No,0.05454578118420171
1628-BIZYP,No,Yes,0.7722974929140236
2230-XTUWL,No,No,0.006280662196680865
1980-KXVPM,Yes,Yes,0.7527584860597254
8619-IJNDK,No,No,0.0034117775915185004
2960-NKRSO,No,No,0.35489024660116936
6705-LXORM,No,Yes,0.6824905617025676
7130-VTEWQ,Yes,Yes,0.6979322496642462
9364-YKUVW,No,No,0.12384645007134946
2761-OCIAX,Yes,Yes,0.7435041207838018
7996-BPXHY,No,No,0.033771345811341516
4248-QPAVC,Yes,No,0.45975733407758507
9357-UJRUN,No,No,0.11421149056954812
6340-DACFT,No,No,0.005519706866302864
1023-BQXZE,No,No,0.026818414054851247
5480-HPRRX,Yes,Yes,0.5958283545689608
9576-SYUHJ,No,No,0.4521220962173956
2169-RRLFW,No,No,0.005300984478617561
8338-QIUNR,No,No,0.014780552308779572
0463-TXOAK,No,No,0.007304057202480491
4396-KLSEH,No,No,0.3312219003847137
5186-EJEGL,No,No,0.21325840402412158
9334-GWGOW,No,Yes,0.7150431182427647
5696-JVVQY,No,No,0.01693137625049767
9633-DENPU,No,No,0.13471198939933904
0581-BXBUB,No,Yes,0.6515056011216319
2750-BJLSB,No,No,0.18359100574451898
2770-NSVDG,No,No,0.2859874839276453
8280-MQRQN,Yes,No,0.46202796270707364
7851-FLGGQ,Yes,Yes,0.5427834279126154
9374-YOLBJ,No,No,0.23333034944200245
6583-SZVGP,No,No,0.1346998789910558
2150-OEGBV,No,No,0.032035157582674896
9372-TXXPS,No,No,0.005727583136207566
6933-FHBZC,No,No,0.09248082990517267
4698-KVLLG,No,No,0.007454047866009142
8752-STIVR,Yes,Yes,0.7818826962391576
8623-ULFNQ,No,No,0.34217876144018755
9822-WMWVG,No,No,0.3148426316170367
4304-TSPVK,No,No,0.0334893882850005
1716-LSAMB,No,No,0.008284140043232581
3523-QRQLL,Yes,No,0.14254669496693226
2187-PKZAY,No,Yes,0.5341081172752143
1895-QTKDO,No,No,0.3561654970839708
8161-QYMTT,No,Yes,0.7886235203228027
2955-PSXOE,Yes,No,0.270050327601746
6834-NXDCA,Yes,No,0.43266177409488127
8701-DGLVH,No,No,0.0069976298065093385
2480-SQIOB,No,No,0.39179628508923703
4993-JCRGJ,No,No,0.385886124348675
0581-MDMPW,No,Yes,0.5254150795339568
7789-CRUVC,No,No,0.14699074139291374
0164-APGRB,No,No,0.10638273231469138
8034-RYTVV,No,No,0.11537985703916336
3018-TFTSU,Yes,No,0.28076476430532
9777-IQHWP,No,No,0.03500217434194907
6899-PPEEA,Yes,Yes,0.6496108698217324
6701-YVNQG,No,No,0.029923489758355546
7649-PHJVR,No,No,0.05528665942493942
9278-VZKCD,No,No,0.4486351942662562
7636-PEPNS,No,No,0.03920306734695828
1575-KRZZE,No,No,0.305307562752852
8590-OHDIW,No,No,0.019865942091734565
7764-BDPEE,No,No,0.16833382309475947
9480-BQJEI,No,No,0.12222911380682679
3354-OADJP,No,No,0.06412153937308149
3181-MIZBN,No,No,0.09809106914807074
9327-QSDED,No,No,0.2264916542817606
4892-VLANZ,Yes,No,0.2103245125245179
0298-XACET,No,No,0.01835775403393686
6917-FIJHC,No,No,0.014635089918247276
6557-BZXLQ,No,No,0.46465902439655915
2432-TFSMK,No,No,0.39713462674594746
4211-MMAZN,Yes,No,0.20971736801250487
4751-ERMAN,No,No,0.03453811906166726
8430-TWCBX,No,No,0.0166024354581072
1942-OQFRW,No,No,0.4568080684154737
4075-JFPGR,No,No,0.15451426365537946
3339-EAQNV,No,No,0.31338946247522176
5329-KRDTM,No,No,0.024206484982223983
0307-BCOPK,No,No,0.044243112680761754
6473-ULUHT,No,No,0.2121410850049335
1194-SPVSP,No,No,0.20563950974123704
7249-WBIYX,Yes,Yes,0.723883032258271
2293-IJWPS,No,No,0.25812763255143056
4377-VDHYI,No,No,0.19636494431497145
0019-EFAEP,No,No,0.07437306998419815
2480-EJWYP,No,No,0.25901661545350546
8970-ANWXO,No,No,0.19254969757194404
8739-WWKDU,Yes,Yes,0.6204746919257978
2171-UDMFD,No,No,0.06332856650980807
7036-TYDEC,No,No,0.07117560898655405
3831-YCPUO,No,No,0.04415766398723197
0121-SNYRK,No,No,0.046347375747894055
3325-FUYCG,Yes,No,0.25539947421936976
1952-DVVSW,No,No,0.05705010885980566
3571-DPYUH,No,No,0.11183615145455636
2077-MPJQO,No,Yes,0.7146805886651124
2391-SOORI,Yes,No,0.3006361622106877
4086-ATNFV,No,No,0.04515312700560528
3396-DKDEL,No,No,0.03662261199221506
7471-MQPOS,No,No,0.04115972937834625
7181-OQCUT,No,No,0.45502268214859404
3489-VSFRD,No,No,0.0239175409785365
6283-GITPX,No,No,0.006729286722418361
2845-HSJCY,Yes,Yes,0.6467318497510045
7216-KAOID,No,No,0.01818724968063404
6680-WKXRZ,Yes,Yes,0.6508557523624907
2346-LOCWC,No,No,0.004374159167440916
0769-MURVM,No,No,0.017937177756574666
3374-LXDEV,Yes,No,0.40756909897248916
5318-YKDPV,No,No,0.022696377823549507
8190-ZTQFB,No,No,0.2418312419182727
4512-ZUIYL,Yes,Yes,0.5760234512610767
3090-QFUVD,No,No,0.19467989546832232
4806-KEXQR,Yes,Yes,0.786440878240263
2369-FEVNO,No,No,0.28059082229780663
9637-CDTKZ,No,No,0.07644422985480037
2954-PIBKO,No,No,0.008553478264693161
2212-LYASK,No,No,0.1451881373701173
9481-SFCQY,No,No,0.24795614176197864
2828-SLQPF,No,No,0.22077128493582293
4647-MUZON,No,Yes,0.556879488280046
8212-DJRCH,No,Yes,0.5963920069855293
0516-OOHAR,No,No,0.2004593880258688
4973-RLZVI,No,No,0.03764725087228813
8089-UZWLX,No,No,0.07459805568403545
9732-KPKBW,Yes,No,0.37697317301424527
9715-WZCLW,No,No,0.08021076141275159
0257-KXZGU,No,No,0.11833254618027302
0707-HOVVN,No,No,0.020446029433786428
5501-TVMGM,No,Yes,0.6194523259058913
3422-LYEPQ,Yes,Yes,0.712183627477722
2277-VWCNI,No,No,0.4727319426716491
5461-QKNTN,No,No,0.43771250187007477
3967-KXAPS,No,No,0.020499989527809466
6919-ELBGL,No,No,0.07557225949611894
8361-LTMKD,Yes,Yes,0.7712671432679261
1131-ALZWV,No,No,0.047689157991646455
5178-LMXOP,Yes,Yes,0.8982264151849477
8992-CEUEN,No,No,0.26706381281399283
3320-VEOYC,No,Yes,0.7698391300533692
3672-YITQD,Yes,Yes,0.6016142495787997
6080-TCMYC,No,No,0.41042065992575577
6734-FQAJX,No,No,0.05595617174274647
1063-DHQJF,No,No,0.029103520971539024
3976-NLDEZ,No,No,0.20924603534356584
1729-VLAZJ,No,No,0.0697512403780618
3400-ESFUW,Yes,No,0.00548974922847222
5271-YNWVR,Yes,No,0.05752210929208901
1587-FKLZB,Yes,No,0.3515798032685104
0958-YHXGP,No,Yes,0.5125418140502451
1494-EJZDW,No,No,0.020052990537729493
1816-FLZDK,No,No,0.4165288372726701
2075-PUEPR,No,No,0.005133475015481446
1833-TCXKK,No,No,0.45560553304510315
1436-ZMJAN,No,No,0.4053905497396985
0106-UGRDO,No,No,0.06636345025558947
1069-XAIEM,Yes,Yes,0.8641477062020911
4213-HKBJO,No,No,0.015038349307721802
8345-MVDYC,No,No,0.017565125680955484
2672-OJQZP,No,No,0.3713480720423391
5136-RGMZO,No,No,0.2537886658494169
5774-QPLTF,No,No,0.020899355404746627
5240-CAOYT,No,No,0.13920339020548375
3707-GNWHM,Yes,Yes,0.7519194498926532
5159-YFPKQ,Yes,Yes,0.7380950296848063
5052-PNLOS,Yes,Yes,0.8063559024966916
6173-GOLSU,No,No,0.3833675400701298
6661-HBGWL,Yes,Yes,0.5017243274404275
8207-VVMYB,No,No,0.008357381120411275
5324-KTGCG,No,No,0.01342053446272331
7354-OIJLX,No,Yes,0.6637849106777589
9286-BHDQG,No,No,0.009323612928879831
3567-PQTSO,No,No,0.2887779384315207
3197-ARFOY,No,No,0.3888178226046574
5698-BQJOH,Yes,Yes,0.7026251687553343
1090-ESELR,No,No,0.03188021194226575
0056-EPFBG,No,No,0.035785738607905286
4955-VCWBI,No,No,0.017242439948443374
4717-GHADL,No,No,0.04066856600638109
0058-EVZWM,No,No,0.27320940595492316
7218-HKQFK,Yes,Yes,0.7916111288206722
5057-RKGLH,No,No,0.020586536440593457
2309-OSFEU,Yes,No,0.4684893945157815
3429-IFLEM,No,No,0.0055319481778188725
1550-LOAHA,Yes,No,0.2887317724835004
1400-MMYXY,Yes,Yes,0.8769335983089342
7503-QQRVF,Yes,No,0.43184470133411135
7504-UWHNB,No,No,0.37091135637200184
9565-JSNFM,Yes,No,0.1764744159839052
4735-BJKOU,No,No,0.009419463931180322
3580-GICBM,No,No,0.009007906639372475
7632-YUTXB,No,No,0.028805694232880978
9412-ARGBX,Yes,No,0.04647776422348012
9576-ANLXO,Yes,Yes,0.6606561892208759
1110-KYLGQ,No,No,0.1928001404515176
8696-JKZNU,Yes,Yes,0.5036229521529885
8757-TFHHJ,No,No,0.35996117718293524
2955-BJZHG,Yes,No,0.44612462589634955
9048-JVYVF,Yes,Yes,0.595051507685022
0682-USIXD,No,No,0.48056165476052576
3884-UEBXB,No,No,0.008032074159441323
1776-SPBWV,No,No,0.03143934504984454
9050-QLROH,Yes,Yes,0.568126311910923
2925-VDZHY,No,No,0.01699707343217549
9512-UIBFX,Yes,No,0.43527668072992337
8676-TRMJS,Yes,Yes,0.661033268547476
3334-CTHOL,Yes,Yes,0.5406067997397369
6331-LWDTQ,Yes,No,0.47987806686528195
3847-BAERP,No,No,0.14595344809665547
4709-LKHYG,No,No,0.03521139594628754
8621-MNIHH,Yes,Yes,0.5746563929134725
8884-ADFVN,Yes,Yes,0.8139201068137631
2885-HIJDH,No,No,0.011883771119119514
8570-KLJYJ,No,No,0.0564725049083381
9339-FIIJL,No,No,0.030305437322565614
6223-DHJGV,No,No,0.030734345743296844
0959-WHOKV,No,No,0.24769620091374653
9610-WCESF,No,No,0.01621553608328124
9279-CJEOJ,No,Yes,0.6601945732710207
2985-FMWYF,No,Yes,0.6984166730883103
3540-RZJYU,Yes,No,0.4036725523618278
2522-WLNSF,No,No,0.06888072563508069
6861-XWTWQ,Yes,Yes,0.8169439695710029
8735-NBLWT,No,No,0.09066471463552286
1744-JHKYS,No,No,0.09896273291092272
0841-NULXI,Yes,Yes,0.7272841967260719
4016-BJKTZ,No,No,0.16235403530090775
9298-WGMRW,No,No,0.078095492187272
7893-IXHRQ,Yes,No,0.2684182042636297
8785-CJSHH,No,No,0.4489037057245162
7654-YWJUF,No,No,0.0901823841054025
8909-BOLNL,No,No,0.11074261167207541
9919-FZDED,No,No,0.046803597021279876
0322-CHQRU,Yes,No,0.4472482373053315
3587-PMCOY,No,No,0.4595630929039294
0655-RBDUG,Yes,Yes,0.7245727050276959
0983-TATYJ,No,No,0.06743292625219441
5650-YLIBA,No,No,0.47337108430797903
5144-TVGLP,No,Yes,0.5608375286165906
3569-EDBPQ,No,No,0.3784932714680223
4945-RVMTE,No,No,0.2258117879214009
3511-BFTJW,No,No,0.01286380831287077
5537-UXXVS,No,No,0.07583263054560022
8782-NUUOL,No,No,0.03050463216863044
2865-TCHJW,Yes,Yes,0.8540432513538994
9931-KGHOA,No,No,0.0834183651442335
3071-MVJCD,No,No,0.012474778008992993
7279-BUYWN,Yes,Yes,0.5014692756785626
3756-VNWDH,No,No,0.25698687136235004
1395-OFUWC,No,No,0.09790608873401953
4223-BKEOR,No,No,0.06539770429749907
0040-HALCW,No,No,0.005009916436984843
7124-UGSUR,Yes,No,0.24127876776104015
7395-XWZOY,No,No,0.19508917816119759
5440-VHLUL,No,No,0.1431717009860645
4706-DGAHW,No,No,0.4927094244846475
8166-ORCHU,No,No,0.1994221261124784
3978-YNKDD,No,No,0.013294750479631709
7198-GLXTC,Yes,Yes,0.7243871839649558
6366-XIVKZ,No,No,0.20907262358040496
5133-POWUA,No,No,0.4670495700270387
8400-WZICQ,No,No,0.04813953081460797
5382-SOYZL,No,Yes,0.7041900774206408
1989-PRJHP,Yes,Yes,0.5792951803888414
4154-AQUGT,Yes,No,0.4539395566122778
0980-FEXWF,No,No,0.06456693044576273
5845-BZZIB,No,No,0.009294445243073305
4840-ORQXB,No,No,0.4122612447464926
0295-PPHDO,Yes,Yes,0.8797258054572465
8775-ERLNB,No,Yes,0.7751484497619406
0376-YMCJC,Yes,Yes,0.5498892909336451
7410-YTJIK,Yes,Yes,0.5001138716337775
9927-DSWDF,No,No,0.42433800776338493
6681-ZSEXG,No,No,0.0177655472658522
5702-KVQRD,No,No,0.01986925492058465
8711-LOBKY,No,No,0.00467983289592103
9692-TUSXH,Yes,Yes,0.5541575539821009
4012-YCFAI,No,No,0.008834353002735376
8455-HIRAQ,No,No,0.22193968590511048
7853-WNZSY,No,No,0.26650515537300107
0390-DCFDQ,Yes,Yes,0.7160826401514591
6421-SZVEM,No,No,0.17899876150378932
3094-JOJAI,No,No,0.42057773150044353
4873-ILOLJ,Yes,Yes,0.6157069496333674
8181-YHCMF,No,No,0.015089261849429809
3324-OIRTO,No,No,0.0820278556341898
9135-HSWOC,No,No,0.00575584427543934
2272-WUSPA,No,No,0.14017023551015462
4627-MIHJH,No,No,0.039981252472074534
3896-RCYYE,No,No,0.13264189212593408
6729-GDNGC,No,No,0.41591056187906683
9945-PSVIP,No,No,0.017807668908179555
4137-JOPHL,No,No,0.060400604896284606
2720-FVBQP,No,No,0.3264743831482287
7854-EKTJL,Yes,No,0.29512944836454374
1133-KXCGE,No,No,0.04160307662610713
6048-QBXKL,No,Yes,0.519132895812947
6338-AVWCY,Yes,Yes,0.6428978647949772
0013-MHZWF,No,No,0.2809281526133486
9804-ICWBG,Yes,Yes,0.7487083474496646
2368-GAKKQ,No,No,0.044959777478630676
4829-AUOAX,Yes,No,0.3786707446010637
7876-BEUTG,No,No,0.3116930794462121
6349-JDHQP,No,No,0.006041949697266957
3063-QFSZL,Yes,Yes,0.6142640284927261
9142-XMYJH,No,No,0.0555594728351588
2609-IAICY,Yes,Yes,0.8007465173267909
8626-PTQGE,No,No,0.018746222333472964
0230-UBYPQ,No,No,0.026155702216391644
6814-ZPWFQ,No,No,0.026617568799402247
5921-NGYRH,No,No,0.14021379523524
7803-XOCCZ,No,No,0.11160259591266997
1459-QNFQT,No,No,0.012264721395566424
3948-FVVRP,No,No,0.12680606539041417
0923-PNFUB,Yes,Yes,0.6824817393978004
4654-ULTTN,No,No,0.014610798071269323
5628-FCGYG,No,Yes,0.6470300697128787
0506-LVNGN,Yes,Yes,0.6712352210341795
4329-YPDDQ,No,No,0.34937512319012204
9866-OCCKE,No,No,0.10581383964559433
0794-YVSGE,No,No,0.005695542397131457
4342-HENTK,Yes,Yes,0.7672147405872248
5934-TSSAU,No,No,0.33394016184643327
9986-BONCE,Yes,No,0.18702756269500073
5301-GAUUY,Yes,No,0.38017618632606176
0725-CXOTM,No,No,0.09644225098668856
2843-CQMEG,No,No,0.17977759395519408
5600-PDUJF,No,No,0.2315647702586732
4500-HKANN,No,No,0.026642533804464415
1862-QRWPE,No,No,0.006103635876717434
2155-AMQRX,No,No,0.17466348402163506
0823-HSCDJ,Yes,No,0.32288885915165405
4090-KPJIP,No,Yes,0.7951779885294507
2737-YNGYW,Yes,Yes,0.7206268597132109
5619-XZZKR,No,No,0.10888747788349368
6047-YHPVI,Yes,Yes,0.7284785610095852
8375-DKEBR,Yes,Yes,0.7733343912252856
7729-XBTWX,No,No,0.005603373742521438
4983-CLMLV,No,No,0.32601202953203734
9227-LUNBG,Yes,Yes,0.5737801538925011
2758-RNWXS,No,No,0.18677359134363855
7055-HNEOJ,No,No,0.37988083427503766
7134-MJPDY,No,No,0.1889811595342148
4560-WQAQW,No,No,0.03067436916412785
8532-UEFWH,No,No,0.00808789460764122
8541-QVFKM,No,Yes,0.6689815258765452
7129-ACFOG,No,Yes,0.5103065051189477
2495-INZWQ,Yes,Yes,0.765304877605272
0263-FJTQO,No,No,0.019145531472881602
0181-RITDD,No,No,0.023639426951047576
8241-JUIQO,No,No,0.012077748761188197
0913-XWSCN,No,No,0.23587053453325094
2159-TURXX,No,No,0.1804425561642832
6461-PPAXN,No,No,0.03614808636420388
1452-KIOVK,No,No,0.45286236161357446
1139-WUOAH,No,No,0.02837424270356673
3207-OYBWH,Yes,No,0.35211145948787065
8347-GDTMP,No,No,0.004541516651311632
9909-DFRJA,No,No,0.16286796723291674
6383-ZTSIW,No,No,0.161147605138307
5438-QMDDL,No,No,0.25450037021654565
8914-RBTSB,Yes,No,0.46406132742433076
6164-HXUGH,No,No,0.0994035970130963
6900-RBKER,No,No,0.10543538321008476
1492-QGCLU,No,No,0.10963205563067714
6664-FPDAC,Yes,No,0.27281783514806995
1088-AUUZZ,No,No,0.014461210869163552
6651-AZVTJ,Yes,Yes,0.5078226211671845
8219-VYBVI,No,No,0.011407193878351665
0310-MVLET,Yes,No,0.3925752384393636
7233-IOQNP,No,No,0.07400399735121141
7311-MQJCH,No,No,0.13924792138942504
9256-JTBNZ,No,No,0.09940330499666857
8713-IGZSO,No,No,0.2663672777874013
6821-BUXUX,Yes,Yes,0.5564940114239452
9114-DPSIA,No,No,0.012192698546833946
4501-UYKBC,No,No,0.09618503369713317
2798-NYLMZ,No,No,0.050400442618571184
6711-VTNRE,Yes,No,0.389176415358163
5966-EMAZU,No,No,0.1398231991106208
3627-FHKBK,Yes,No,0.4948837881189674
7861-UVUFT,Yes,Yes,0.6030653861500608
9824-QCJPK,No,No,0.026289088430271668
7816-VGHTO,No,No,0.04960568665028922
3794-NFNCH,No,No,0.18247578047573917
3877-JRJIP,Yes,Yes,0.6934662574369368
5228-EXCET,Yes,Yes,0.6114068928474005
6248-BSHKG,No,No,0.010512030960375377
8915-NNTRC,No,No,0.06326370676974082
3470-OBUET,No,No,0.0072550349490034085
3229-USWAR,No,No,0.07802001480239083
1927-QEWMY,No,No,0.0066040577806276805
6374-AFWOX,No,No,0.008849988995711659
7912-SYRQT,Yes,Yes,0.5890470025126889
2070-FNEXE,Yes,No,0.3543166294381121
5803-NQJZO,No,No,0.016668270926375614
5651-YLPRD,No,No,0.4033129999121093
1271-UODNO,No,No,0.03281621347017292
5014-WUQMG,No,No,0.143286302117508
5889-JTMUL,Yes,No,0.4737959616548995
0788-DXBFY,No,No,0.02308193486657197
2669-QVCRG,No,No,0.2652789641649181
6630-UJZMY,No,Yes,0.8588848063955058
5061-PBXFW,No,No,0.04487911805070095
2700-LUEVA,No,No,0.19737060295806064
3865-ZFZIB,No,No,0.017578850471618314
0471-ARVMX,No,No,0.2673989327563434
8985-OOPOS,No,No,0.25848012126447556
0719-SYFRB,Yes,No,0.19788002480124792
0447-BEMNG,Yes,No,0.160897326321802
5630-AHZIL,No,No,0.29793373722391686
2190-BCXEC,No,No,0.29034460918587657
1559-DTODC,No,No,0.31263533066357435
3244-DCJWY,Yes,Yes,0.7442461411140405
3967-VQOGC,No,No,0.007586697206585952
0265-PSUAE,No,No,0.34310361711801146
1622-HSHSF,No,No,0.2769944671596003
9867-XOBQA,No,No,0.028246353051161383
6773-LQTVT,No,No,0.2250668724256619
4332-MUOEZ,No,No,0.12921058459349913
0023-XUOPT,Yes,Yes,0.5676771986364053
6543-CPZMK,Yes,No,0.400387924339547
6418-HNFED,No,No,0.019517531681324116
1036-GUDCL,No,No,0.05737203958246591
4818-QIUFN,Yes,Yes,0.522194969797316
0778-NELLA,Yes,No,0.4533268497730316
7495-OOKFY,Yes,Yes,0.5779324546074877
4737-HOBAX,No,No,0.02312599242423149
7919-ZODZZ,No,No,0.15871282918296448
2988-PLAHS,No,Yes,0.5001508407189804
9067-SQTNS,No,No,0.016613191012544538
6483-OATDN,No,No,0.18348887589927887
5469-CTCWN,Yes,No,0.186879342152111
3524-WQDSG,No,No,0.4505672331431092
6968-URWQU,No,No,0.09427241377366127
8601-QACRS,Yes,Yes,0.5194873759836584
8690-UPCZI,No,No,0.055156136133971946
5331-RGMTT,No,No,0.46857616876360786
1357-BIJKI,No,No,0.348667691776004
2088-IEBAU,No,No,0.025926098358991016
0679-IDSTG,Yes,Yes,0.7414090497180328
6519-ZHPXP,No,No,0.04597728411444829
2101-RANCD,No,No,0.35856014605657294
4029-HPFVY,No,Yes,0.6704816788491922
1015-OWJKI,No,No,0.21133928354431983
8314-HTWVE,No,No,0.02186780596695938
5357-TZHPP,Yes,Yes,0.6760262647282391
8727-XDPUD,No,No,0.04722135343035101
9073-ZZIAY,No,No,0.012139630732696227
5181-OABFK,No,No,0.010011060348478103
3812-LRZIR,No,No,0.02246057617155886
5204-HMGYF,No,No,0.04096935122225758
9950-MTGYX,No,No,0.015381340043579165
3675-EQOZA,No,No,0.1860433196424037
3646-ITDGM,No,No,0.005768480465519498
3913-FCUUW,No,No,0.013291372346974266
